,0,1,2,3,4
0,-10.0,1.1219053476018548,0.5949592040074325,1.1112346936995006,1.7081552217149736
1,-9.959919839679358,1.124790357818521,0.6032918839300593,1.114245519017468,1.708391231860716
2,-9.919839679358718,1.1285897980238755,0.5980159475941376,1.1185541617985912,1.7183422937867971
3,-9.879759519038076,1.1269457257746622,0.5962710973489548,1.1200511875537438,1.7012947765159352
4,-9.839679358717435,1.1248711131464988,0.6019521185950447,1.1163329953147492,1.7171011933589135
5,-9.799599198396793,1.1216366512849791,0.5935848867502623,1.113516740678679,1.7049838909737045
6,-9.759519038076153,1.1249285835521687,0.5808674199083412,1.1171479318378865,1.7015672175745447
7,-9.719438877755511,1.122061564399315,0.5869550759981107,1.1137576685926724,1.696303166477044
8,-9.67935871743487,1.1212112318597285,0.5901665139104065,1.1128440005874254,1.6981425091905111
9,-9.639278557114228,1.1232572419551883,0.5886013596081832,1.1155466254607822,1.6865078843939159
10,-9.599198396793588,1.1235882019606114,0.6011424442558958,1.1152005371751623,1.7133968473579717
11,-9.559118236472946,1.1226995700771685,0.5906917147280353,1.1150650274464802,1.6932821078126146
12,-9.519038076152304,1.1270338885338447,0.5995558852703918,1.1191492926136815,1.7209171492212325
13,-9.478957915831664,1.1240694762597898,0.6040571223724762,1.1180218514638915,1.6983136412867694
14,-9.438877755511022,1.1274150562322636,0.6087732017270729,1.1201325160214546,1.6905518618593778
15,-9.39879759519038,1.1236464163606745,0.609053287263981,1.1148285253965822,1.6961620740060912
16,-9.358717434869739,1.1201249456021967,0.6020261251635711,1.1119919866943024,1.6969627401212126
17,-9.318637274549099,1.1248445592432168,0.5945862731653918,1.1191708379238485,1.6922195395250177
18,-9.278557114228457,1.118294463962269,0.6034246408290158,1.1096400342451225,1.6991820644633429
19,-9.238476953907815,1.1235870327976634,0.5949459628219086,1.1152560025090958,1.7060543898348624
20,-9.198396793587175,1.1214283930150557,0.5966100466259232,1.1154138202099735,1.699459486106802
21,-9.158316633266534,1.1217526766306685,0.5978292220422147,1.1156464755551903,1.684756880514538
22,-9.118236472945892,1.1190864187833123,0.6068803461967804,1.1074865299713381,1.686234003998857
23,-9.07815631262525,1.119672554971454,0.6010023943190957,1.1112197595485598,1.687649458944318
24,-9.03807615230461,1.122425482744391,0.5989169362579829,1.11419290587842,1.6845373964810482
25,-8.997995991983968,1.1175158915858423,0.5928842011994145,1.110880967382323,1.6819679311891464
26,-8.957915831663327,1.1227394312720083,0.5998922998999786,1.1144975590030584,1.674270887190071
27,-8.917835671342685,1.1199758750367415,0.6088263123699523,1.1169849268406724,1.6848252128762862
28,-8.877755511022045,1.1231517301956875,0.6114218811125632,1.1181148851391818,1.687655401628102
29,-8.837675350701403,1.118543007110861,0.6020959563086348,1.108552274624584,1.6733865889091786
30,-8.797595190380761,1.1201720578453815,0.6068495048747395,1.113825307137318,1.6806596727491987
31,-8.75751503006012,1.1148474055498563,0.5979655285717785,1.1063234169894551,1.6690073129053373
32,-8.71743486973948,1.116620348534422,0.605868170307255,1.106450072404844,1.690757641438941
33,-8.677354709418838,1.1177996830824246,0.6032493566228223,1.110645666999396,1.6792043975694575
34,-8.637274549098196,1.1147092051736875,0.6017845065165852,1.1087053580547037,1.6582246847811781
35,-8.597194388777556,1.1166131098887584,0.6081543160457223,1.1088418318085398,1.6776540076536628
36,-8.557114228456914,1.1147300298993097,0.6029577813490473,1.106494182925701,1.6684273814458224
37,-8.517034068136272,1.1146998396835872,0.5925752673532637,1.1070321203592393,1.6622956681483692
38,-8.47695390781563,1.1148788803544183,0.6034543561854799,1.110448958899782,1.65518002595763
39,-8.43687374749499,1.1159276062016659,0.6127115954496702,1.1100717521632526,1.6580556782126514
40,-8.396793587174349,1.112003884946145,0.6056685996007727,1.1048335220530083,1.6583130141587292
41,-8.356713426853707,1.114881353293652,0.5965280376293187,1.1101054463625795,1.6738058208697966
42,-8.316633266533067,1.11654826927965,0.6137398536483427,1.108879194097025,1.6624213136066794
43,-8.276553106212425,1.113867840939322,0.6099894459157986,1.1101411846937186,1.647559656329787
44,-8.236472945891784,1.1124765563474632,0.6070643425228851,1.1071513894740188,1.6483996963415075
45,-8.196392785571142,1.117743184111259,0.6198002742662598,1.108213702545858,1.6796514752189033
46,-8.156312625250502,1.1102857257708045,0.6084377332794992,1.1009043707450898,1.6534569739421168
47,-8.11623246492986,1.1136630544048551,0.6043451094186276,1.1088690268465413,1.6610753118720079
48,-8.076152304609218,1.1101679489383829,0.610163077052638,1.1026893295376352,1.6534044232814809
49,-8.036072144288577,1.1116130717927115,0.6008608347379853,1.1065287074030423,1.645631926480776
50,-7.9959919839679365,1.1101497088099264,0.6120245568128551,1.1040518022652692,1.649028664470721
51,-7.955911823647295,1.106209997362884,0.6024273700902554,1.1016861840304921,1.6348572373510135
52,-7.915831663326653,1.1112910857102145,0.6167936297574964,1.10474632296678,1.6547285651848687
53,-7.875751503006012,1.1058790068360298,0.604635773682683,1.0974932041470704,1.6467414154635986
54,-7.835671342685371,1.109775707865336,0.6030176004830381,1.103768411950039,1.654047939509317
55,-7.7955911823647295,1.104466866536851,0.6096972040214573,1.0950610424728362,1.6399656852177178
56,-7.755511022044088,1.1074161865626648,0.6052525128175883,1.1022238021305188,1.636795955544735
57,-7.715430861723447,1.108528982147902,0.5956186436729911,1.1036632427634991,1.6335010311519034
58,-7.675350701402806,1.105203304763925,0.6127250611657649,1.1031148519095169,1.6291190590577436
59,-7.635270541082164,1.102952077867231,0.6005940641530786,1.099848236853536,1.6233780664183164
60,-7.595190380761523,1.102404855397796,0.6050069341458769,1.0979146248121743,1.6251385995857792
61,-7.555110220440882,1.1060570424167928,0.6193286186543541,1.1012403120595604,1.6232613298264154
62,-7.515030060120241,1.1006867407642147,0.6081124990648376,1.0928354517946421,1.6187305852187392
63,-7.474949899799599,1.1033806920428137,0.6092131871445616,1.1003923821067039,1.6147567437700083
64,-7.434869739478958,1.1032959478252433,0.6042044246103465,1.0991146523890003,1.6210489045599417
65,-7.394789579158317,1.101781478063899,0.6040639456211364,1.0977901512847033,1.62891545449714
66,-7.354709418837675,1.0980094942106176,0.6106732244160906,1.0924854117888287,1.606784800756455
67,-7.314629258517034,1.0990600210081414,0.6033397663989312,1.0974342940888264,1.6212539596062332
68,-7.274549098196393,1.09805927384003,0.6179177462943141,1.094193184577772,1.6062666603178672
69,-7.234468937875752,1.0938146220232572,0.6106248840989954,1.0886296113418854,1.5948811223604056
70,-7.19438877755511,1.0939447652889691,0.6043100394986726,1.0908882612351696,1.5933914448498698
71,-7.154308617234469,1.0942934913301416,0.609797120784176,1.0904733494020709,1.5947308644279432
72,-7.114228456913828,1.094199744163664,0.612760299960431,1.0907253221819204,1.5927795984435886
73,-7.074148296593187,1.092660045712913,0.6071429026398383,1.0869842815302528,1.5929608181068238
74,-7.034068136272545,1.0919302472907941,0.6078774176624725,1.0882379890841616,1.585855705593319
75,-6.993987975951904,1.0947953612108945,0.6151289282435501,1.0932899297131402,1.6044149292469627
76,-6.953907815631263,1.0889742669856324,0.6140002781751958,1.0844324211411842,1.5856882885127508
77,-6.913827655310621,1.0862314835774731,0.609615796975762,1.0823209536746385,1.578135423407492
78,-6.8737474949899795,1.0884880716474232,0.6059374552653709,1.0861038551440867,1.5878599914127218
79,-6.833667334669339,1.0879734528035105,0.6087806758675662,1.085599955892785,1.5772587230016275
80,-6.793587174348698,1.0805252799816003,0.6077451767064207,1.0740772259187943,1.5764980432216358
81,-6.753507014028056,1.080621290429818,0.6147645872198764,1.0764179018230573,1.5611074016425635
82,-6.713426853707415,1.0780470091099232,0.6110089194374297,1.073084040058438,1.568152130615478
83,-6.673346693386774,1.0835594043447974,0.6056438418665545,1.0786284690196786,1.5806362910745855
84,-6.6332665330661325,1.0818567333312488,0.6011841063105087,1.0816232670938593,1.574478266320172
85,-6.593186372745491,1.072633577245872,0.6022953407446522,1.0717060788646644,1.5558218283806502
86,-6.55310621242485,1.0757651642836377,0.6247786524167487,1.0730219549239735,1.5659176283818879
87,-6.513026052104209,1.0746255331381775,0.6032098721045732,1.069917616110788,1.5597005475043342
88,-6.472945891783567,1.069497481807468,0.6094191603653455,1.0691161364419557,1.549938383798148
89,-6.432865731462925,1.0684227945403348,0.6080112715765079,1.0642784006148545,1.5382786791376606
90,-6.3927855711422845,1.0716474962701235,0.6124583480189301,1.0659773889113078,1.5555577377493848
91,-6.352705410821644,1.0606994169928796,0.5949016186036584,1.0586041475155001,1.5387966373177693
92,-6.312625250501002,1.0633448116685873,0.6004498887364812,1.0602457409595092,1.5465703715619632
93,-6.272545090180361,1.0616082719172684,0.6014336862652663,1.0576840217306636,1.5352633047076447
94,-6.23246492985972,1.0618457967931787,0.5994786277004676,1.0594819250333258,1.5371188916514869
95,-6.192384769539078,1.056827098421267,0.5862222560557591,1.0595845417091379,1.5211407787017854
96,-6.152304609218437,1.0512676630325224,0.5931412669318589,1.0477255457992394,1.5118076487105523
97,-6.112224448897796,1.0537761124861185,0.5958716972219785,1.0502793444515388,1.527986046388636
98,-6.072144288577155,1.0468135279028778,0.5848525184255978,1.048387798444379,1.5189206647842504
99,-6.032064128256513,1.0441478816238328,0.5935006120979273,1.0437575804306483,1.5080633712001097
100,-5.991983967935872,1.0429917413734204,0.5881603967582415,1.0404154161387518,1.505398166629853
101,-5.95190380761523,1.0395346159936216,0.5890494445587535,1.036019763307068,1.4964731547780443
102,-5.9118236472945895,1.036385707298114,0.5930336321322278,1.0354418169275639,1.4897315204011463
103,-5.871743486973948,1.0315023523840285,0.5836640519005377,1.0290095643238741,1.4891863984014568
104,-5.831663326653307,1.0298038422326634,0.585489305996773,1.0282866734795522,1.4773069734026005
105,-5.791583166332665,1.0243646177839714,0.5787383128454622,1.0232245090034962,1.47626847412516
106,-5.751503006012024,1.022285965018928,0.5721228315727551,1.0196050473511218,1.4697181005259938
107,-5.711422845691383,1.0241405723394292,0.5758299189138616,1.0248594402875324,1.4698379990799382
108,-5.671342685370742,1.014200361079791,0.5696001852718823,1.014288124688946,1.4593583536396524
109,-5.631262525050101,1.013041450096818,0.5650770724962829,1.0107549355266898,1.458695481188424
110,-5.591182364729459,1.006998271944651,0.567189521797423,1.0048050470462297,1.4550730871213207
111,-5.551102204408818,1.002413568248693,0.557389500648544,1.004649766617689,1.4440630298157286
112,-5.511022044088176,0.998261961168304,0.5572663395131309,0.9984508758926383,1.436147523288848
113,-5.470941883767535,0.9941197399228582,0.5619640872970655,0.9942202576308613,1.4297901517754745
114,-5.430861723446894,0.9882103826272967,0.5545180284089749,0.9874761781390855,1.419800369785506
115,-5.390781563126253,0.984147212559138,0.5528915828277597,0.9845288862595007,1.417658600107044
116,-5.350701402805611,0.9802208319181432,0.5370199523838495,0.9792003889886294,1.4184642126207025
117,-5.31062124248497,0.9723752028142937,0.5440467050453722,0.9743331668434247,1.407110861100889
118,-5.270541082164329,0.970237626445767,0.537799544701486,0.971641720054824,1.4002066866424017
119,-5.2304609218436875,0.9625637761570726,0.5339642056073334,0.9629194872018751,1.3929100244109627
120,-5.190380761523047,0.9556732556116853,0.5236214347213687,0.9576212494441314,1.391512424653691
121,-5.150300601202405,0.9510252767591519,0.5176692119317657,0.9508969827086444,1.3730094438840237
122,-5.110220440881764,0.9413485728080224,0.5134501434822045,0.938831530399463,1.3681137549364453
123,-5.070140280561122,0.9353624769970472,0.502776582891097,0.9359013497998232,1.3674337021695246
124,-5.030060120240481,0.9326547466135787,0.5034359601263194,0.9329000816901445,1.3593161385302022
125,-4.98997995991984,0.9219393760124017,0.49724428631603323,0.9204591666320534,1.3567102742231636
126,-4.949899799599199,0.9165935752871788,0.48791878363521185,0.9149054311534212,1.341055424312023
127,-4.909819639278557,0.9084120036207173,0.4892959374133017,0.9067094920628159,1.3335465317889814
128,-4.869739478957916,0.9011819721262815,0.4811840146705999,0.9017168200793415,1.3191141765974452
129,-4.829659318637275,0.8914395129758271,0.4723296773279748,0.89141407433929,1.3226639655034707
130,-4.789579158316633,0.88493925821544,0.4631929197277466,0.8867637174783873,1.3093870745879759
131,-4.7494989979959925,0.8697147075809795,0.4404859516669813,0.8720111438028952,1.2869121417427258
132,-4.709418837675351,0.8629876217515604,0.4413563634909485,0.8652440083415724,1.282759927322541
133,-4.66933867735471,0.8548281211438854,0.42680230186030704,0.8536037566764784,1.285874901059906
134,-4.629258517034068,0.8467485826690192,0.4204501117306832,0.8469459221451732,1.2720622191602216
135,-4.589178356713427,0.835799300392904,0.40409500581660096,0.8370036666982167,1.2626788503426574
136,-4.5490981963927855,0.8236966186177036,0.4081215269678171,0.8231634075953778,1.2446468952192422
137,-4.509018036072145,0.8117030952205613,0.385056101976227,0.8110139196227788,1.2392905921569934
138,-4.468937875751503,0.802116320988806,0.37355947744260526,0.8041501997203473,1.2179761370906745
139,-4.428857715430862,0.7856505353031269,0.3590252797062923,0.787192082115781,1.2068580172260523
140,-4.388777555110221,0.7729580094598315,0.34759384123889164,0.7715178606824584,1.2008932651234292
141,-4.348697394789579,0.7614288499122097,0.3227383114266996,0.7626848101986285,1.1974124480713635
142,-4.308617234468938,0.7494626171204659,0.3238856667502349,0.749334783327567,1.1793310969152264
143,-4.268537074148297,0.7346218983385561,0.30267291828910614,0.7376956034806648,1.1565523908556423
144,-4.228456913827656,0.7209581544704619,0.28380477334078935,0.7203376008363792,1.1554680122134997
145,-4.188376753507014,0.7071364452040668,0.2800418265308716,0.7071447713138332,1.1334380645385103
146,-4.148296593186373,0.6879779043131407,0.24669640947702498,0.6887230407979372,1.1172262409229126
147,-4.108216432865731,0.67639010798633,0.243903382327143,0.6756615879157526,1.1083882177852338
148,-4.0681362725450905,0.6561532956979658,0.2178274870213074,0.6576888216270499,1.0822703368926336
149,-4.028056112224449,0.6447799069027909,0.19636628261774958,0.6475897397433537,1.085134662985639
150,-3.987975951903808,0.6229682922013017,0.17691282540768388,0.6218477168272432,1.0702622246914137
151,-3.947895791583167,0.6019032584054558,0.16501801257148477,0.6023086421962902,1.0516521359660584
152,-3.907815631262525,0.5886250412970345,0.14946517174807405,0.5891461925391744,1.0292388036517803
153,-3.8677354709418843,0.5668153443044569,0.13114703846495138,0.5661793931530619,1.0101118702328102
154,-3.8276553106212425,0.5488344792380232,0.09820888019669012,0.5495391337611235,0.9907821555897268
155,-3.7875751503006017,0.5289694599572272,0.0752580983634193,0.531771872290152,0.9687185994386949
156,-3.74749498997996,0.5038722358241686,0.054492734994260654,0.5041859851769046,0.9481491029190946
157,-3.707414829659319,0.4855281823977503,0.034372968061661506,0.48547129650588977,0.9446876705897519
158,-3.6673346693386772,0.4626180701653216,0.005138944510782133,0.46701627867823414,0.9028043961021975
159,-3.6272545090180364,0.4355561180478763,-0.01878023912849087,0.43203703862963366,0.8846565535727728
160,-3.5871743486973955,0.4133051516900592,-0.03865525628145932,0.41376906102284305,0.865746955268308
161,-3.5470941883767537,0.3920091561416507,-0.06389333709550785,0.39055763141379607,0.8436600379825819
162,-3.507014028056113,0.3698884418837997,-0.07661435462471866,0.36731030942772136,0.8333835582963839
163,-3.466933867735471,0.33852969272771116,-0.11386879786650662,0.3341478978769954,0.7909372128820893
164,-3.42685370741483,0.31288391809668736,-0.13204413207506369,0.31216680198086877,0.766900150467243
165,-3.3867735470941884,0.2868103599839132,-0.1729525546298537,0.28598587577533696,0.7602287088089414
166,-3.3466933867735476,0.2604195632465167,-0.1968845465033446,0.260188114128482,0.7182632176187783
167,-3.306613226452906,0.2315857202125669,-0.2287475291839902,0.2319131496960739,0.6911736605765572
168,-3.266533066132265,0.20484799165603762,-0.25055053656642257,0.2060997733298079,0.6705808678859104
169,-3.226452905811623,0.17324576659071822,-0.3004457919229133,0.1732499497036617,0.645334039852926
170,-3.1863727454909823,0.14359380041829023,-0.3094902402706138,0.1413100807073036,0.6107234580057965
171,-3.1462925851703414,0.11409372620965016,-0.35004169832508203,0.11598857484690292,0.5782672613302805
172,-3.1062124248496996,0.08599444974108719,-0.38713158485969784,0.08736655196380355,0.5509183872054362
173,-3.0661322645290587,0.056145562869358616,-0.3931583634251172,0.05570449181548737,0.5179106186381252
174,-3.026052104208417,0.02194789437632791,-0.44484814032248926,0.022236445614074632,0.4905533652029413
175,-2.985971943887776,-0.013848505957076505,-0.47872003933035967,-0.015038774466731873,0.45718309618990516
176,-2.9458917835671343,-0.041953671140812505,-0.5108466404230861,-0.043735732030187845,0.4188753803353944
177,-2.9058116232464934,-0.07894075772941092,-0.5481762013622092,-0.07990240951658166,0.3889356252511664
178,-2.8657314629258517,-0.11069111802001358,-0.5671153231588276,-0.11333662770271358,0.35043924122368936
179,-2.825651302605211,-0.14611855946550376,-0.6127580615341386,-0.14682301528325833,0.3287034245452037
180,-2.785571142284569,-0.1817654176175119,-0.6454925241240672,-0.18433126317820417,0.2809143526398287
181,-2.745490981963928,-0.21726720691970414,-0.6815108498217917,-0.2169750378925896,0.2481753824047646
182,-2.7054108216432873,-0.24651434809000367,-0.7064541925627482,-0.25031201411346005,0.2151029884388055
183,-2.6653306613226455,-0.2889543643695374,-0.7535267546159258,-0.2886202581137858,0.1796611578371304
184,-2.6252505010020046,-0.3193652831443344,-0.7840171579016422,-0.3202842450542844,0.15152352192033458
185,-2.585170340681363,-0.35754820516377295,-0.8280487357888652,-0.3581329994521756,0.11371032583786138
186,-2.545090180360722,-0.3966978729434528,-0.856421693836676,-0.3964994483362062,0.06203179094264499
187,-2.50501002004008,-0.4326663933249738,-0.8929247063575076,-0.43659379357484496,0.03123453867078084
188,-2.4649298597194393,-0.4696288897476907,-0.9290607857985606,-0.4701288189009949,-0.008509499486482112
189,-2.4248496993987976,-0.5035703067867798,-0.9538494349135812,-0.5056566896386342,-0.045780696535221765
190,-2.3847695390781567,-0.5388447670920161,-0.9987517415721309,-0.537853890129016,-0.07672692894256915
191,-2.344689378757515,-0.572087386621767,-1.0301320555864732,-0.573186452900398,-0.10252576737717589
192,-2.304609218436874,-0.6125911219400481,-1.0823294302379574,-0.6124842340955199,-0.14465618558851293
193,-2.264529058116233,-0.6442416662957007,-1.114031543878091,-0.6441904654681232,-0.17094555082694202
194,-2.2244488977955914,-0.6780664831224553,-1.149043819529313,-0.6796371863329693,-0.21409574183997684
195,-2.1843687374749505,-0.7143777619683215,-1.1751314474065095,-0.7159457446738746,-0.24033074103699278
196,-2.1442885771543088,-0.7511826760587588,-1.2263209704394507,-0.7486881599833044,-0.28392793891491064
197,-2.104208416833668,-0.7834419181271656,-1.2593783461727261,-0.7811589004539732,-0.31262541915520276
198,-2.064128256513026,-0.8197229919858844,-1.3107055077371859,-0.8181395494292794,-0.35037474284755826
199,-2.0240480961923852,-0.8504467424466189,-1.321420848914777,-0.8536829034717311,-0.3706138151806165
200,-1.9839679358717444,-0.8843890403438399,-1.3604155606048054,-0.8843111476223592,-0.4006524897213296
201,-1.9438877755511026,-0.91535244381303,-1.4021112428944789,-0.9156910497292492,-0.4280734203263344
202,-1.9038076152304608,-0.9510896640860861,-1.4398396641527131,-0.9508709867297975,-0.44783755854825386
203,-1.8637274549098208,-0.983596617996386,-1.481014989599707,-0.982628199744604,-0.4867459921473028
204,-1.823647294589179,-1.0139225098020939,-1.5137545722742718,-1.0178637316984536,-0.5104266743631484
205,-1.7835671342685373,-1.043101501457998,-1.5597305499248453,-1.0362557150313503,-0.5410737984051294
206,-1.7434869739478955,-1.070531144630336,-1.584101030025385,-1.0702784052687484,-0.5615390218419164
207,-1.7034068136272555,-1.1033711118603848,-1.614671554977571,-1.1025673153483644,-0.5822550815791617
208,-1.6633266533066138,-1.1288075835423672,-1.6427655105119157,-1.1275244152559414,-0.6176110388851523
209,-1.623246492985972,-1.1549070051290447,-1.6862603647108483,-1.148912479122889,-0.6496837209757773
210,-1.5831663326653302,-1.18495595831858,-1.7191214605578402,-1.1815677315659456,-0.6580486407176768
211,-1.5430861723446903,-1.2125946349519472,-1.7476499102925929,-1.2093355019028262,-0.6753039897665478
212,-1.5030060120240485,-1.2381013935483218,-1.785111179965222,-1.236041964904195,-0.6987509280345086
213,-1.4629258517034067,-1.2590753817120297,-1.8009661915336066,-1.255972393679139,-0.7223789398606295
214,-1.4228456913827667,-1.284673433700519,-1.8366105417980336,-1.2817065397192944,-0.7465434260095019
215,-1.382765531062125,-1.306861118666567,-1.8846410038663057,-1.3010283185267875,-0.7507960480366093
216,-1.3426853707414832,-1.3333145591143956,-1.9015341627520017,-1.3315068152021152,-0.773487822540569
217,-1.3026052104208414,-1.347466525586655,-1.9305798229871287,-1.341391580803061,-0.7894895940537123
218,-1.2625250501002014,-1.3745515259910137,-1.9650355919278437,-1.3671524222368385,-0.8147494290837445
219,-1.2224448897795597,-1.3903686504031016,-1.9884467294585384,-1.3869388426784832,-0.8258700872161433
220,-1.182364729458918,-1.408413272241285,-1.9994240124137244,-1.4032192287243426,-0.8424651895116322
221,-1.1422845691382761,-1.4287205355985924,-2.0277367951464607,-1.4244077161376627,-0.8627540482364797
222,-1.1022044088176361,-1.4428179940647536,-2.039419990243884,-1.4353437454916564,-0.8706115088050549
223,-1.0621242484969944,-1.4659645480731718,-2.0885704341053146,-1.4571096178349097,-0.8921350898942635
224,-1.0220440881763526,-1.4757658526155382,-2.106143388867245,-1.4625997088141083,-0.9108630407250076
225,-0.9819639278557126,-1.4939351867363184,-2.117775917746778,-1.4850620605824822,-0.9122414303788212
226,-0.9418837675350709,-1.5100513591764666,-2.1561598009677057,-1.504680604438697,-0.9239476667771088
227,-0.9018036072144291,-1.5223936236650213,-2.176127104877653,-1.5138357095058403,-0.9265440722399848
228,-0.8617234468937873,-1.536472564132159,-2.190764814391553,-1.523834444013286,-0.9382329151848936
229,-0.8216432865731473,-1.5478464161454255,-2.212240638713346,-1.5360923353257685,-0.9502230064324682
230,-0.7815631262525056,-1.556000742428909,-2.2229371508579714,-1.5462734737703756,-0.9557080044617451
231,-0.7414829659318638,-1.5695271311932528,-2.228915095047485,-1.5625844158457813,-0.9681595521114196
232,-0.701402805611222,-1.5775202027604134,-2.243295893207117,-1.5643631645920584,-0.9630410708949239
233,-0.661322645290582,-1.587068384154285,-2.270800354374687,-1.5751744799020773,-0.9794043475718225
234,-0.6212424849699403,-1.5986178848110748,-2.2693624205232195,-1.5849718771514576,-0.9878780727258998
235,-0.5811623246492985,-1.6057384970929902,-2.287520035833847,-1.593820164009561,-0.9942616188853637
236,-0.5410821643286585,-1.6111370374043608,-2.305913949647324,-1.5926236396694298,-1.0040218892240798
237,-0.5010020040080168,-1.6161039411562184,-2.3021119308047355,-1.6039039774305055,-0.9927795020033848
238,-0.460921843687375,-1.6227353060343201,-2.31558329292273,-1.6073243405515376,-1.002966336613813
239,-0.4208416833667332,-1.6265985919450776,-2.3229911885070518,-1.6106999131714543,-1.0178023393317077
240,-0.38076152304609323,-1.634224409834526,-2.349217140392612,-1.6209037707051477,-1.015890793035829
241,-0.34068136272545146,-1.6388321726326205,-2.3396368485886585,-1.6227938385365481,-1.0231159233349445
242,-0.3006012024048097,-1.6408773586911982,-2.3486322686344208,-1.624903598245391,-1.0203510317366828
243,-0.26052104208416793,-1.643041652333974,-2.3485118130491913,-1.6305365166741512,-1.0138514505263474
244,-0.22044088176352794,-1.6466537250832123,-2.356597213504741,-1.635083776718067,-1.0234573022736055
245,-0.18036072144288617,-1.649599795317277,-2.353218428935715,-1.6358062165138574,-1.0191268567478793
246,-0.1402805611222444,-1.6478712986691437,-2.367170260311891,-1.6343616177494624,-1.0241414334190342
247,-0.10020040080160442,-1.6483749136537993,-2.3680530725000395,-1.633648490009146,-1.002111160827585
248,-0.06012024048096265,-1.648890255051987,-2.359389219922716,-1.6346974913421457,-1.022491662365421
249,-0.020040080160320883,-1.652650822950141,-2.3693007460396993,-1.6386415831760037,-1.0244753010168521
250,0.020040080160320883,-1.6511316863851455,-2.359097232094569,-1.6392239464694942,-1.029277850567265
251,0.060120240480960874,-1.6525284234551179,-2.381159651266008,-1.6397335996087787,-1.018282832096302
252,0.10020040080160264,-1.6501862749112297,-2.3555405267959815,-1.637276132790678,-1.0104687507892123
253,0.1402805611222444,-1.6503188664853383,-2.3604482327771263,-1.6363704871383553,-1.0081190994010216
254,0.18036072144288617,-1.6425081928098153,-2.352644427059476,-1.626553420926376,-1.0007666842061334
255,0.22044088176352616,-1.6452041382209526,-2.363051454269853,-1.6300704462684144,-1.020111788786566
256,0.26052104208416793,-1.6426323587840175,-2.3520187574525107,-1.6277744823282523,-1.0101147226392186
257,0.3006012024048097,-1.6382822600055125,-2.361895662732208,-1.62091006163784,-0.9954440542647761
258,0.3406813627254497,-1.6407009265013888,-2.344130958524987,-1.6283149735494624,-1.0078071993859765
259,0.38076152304609145,-1.632693145803416,-2.3411627262553316,-1.6210474905095262,-0.9842030880303153
260,0.4208416833667332,-1.6315773667415816,-2.3422624858381837,-1.615127572157283,-1.0018306675015067
261,0.460921843687375,-1.6269910032044226,-2.3310549217672363,-1.6162664270729503,-0.9905967486288982
262,0.501002004008015,-1.6203871527758937,-2.317680003350616,-1.6057820431861471,-0.9949165249987639
263,0.5410821643286567,-1.6247900177807826,-2.328116632174842,-1.6144019286715634,-0.9931491502228835
264,0.5811623246492985,-1.6213293139788416,-2.342164853224283,-1.6119965451002347,-0.9895606011684235
265,0.6212424849699403,-1.6200239269275858,-2.333422905944377,-1.6101037093663026,-0.9795831676787453
266,0.6613226452905803,-1.6120216474312568,-2.308090186792127,-1.6081846743694417,-0.9699708927664047
267,0.701402805611222,-1.6070252613844216,-2.324999229976931,-1.5985277215612652,-0.9641658756120614
268,0.7414829659318638,-1.603372272570096,-2.3113713455243023,-1.5955685657413174,-0.9724921562812402
269,0.7815631262525038,-1.6004511196410867,-2.290513019622334,-1.5913129236467594,-0.9707537813534354
270,0.8216432865731456,-1.6003501028969287,-2.29432045309719,-1.5948019043117019,-0.9679501363351516
271,0.8617234468937873,-1.5953840903991137,-2.302637238679985,-1.583776179077476,-0.9727916466411697
272,0.9018036072144291,-1.5932991053713619,-2.2837745116746775,-1.583101954194409,-0.9558190519606953
273,0.9418837675350691,-1.5877795567815658,-2.2877003619089886,-1.5793838638826818,-0.964645954222841
274,0.9819639278557108,-1.5815413293480638,-2.262027534048634,-1.5688996721292237,-0.963516553584602
275,1.0220440881763526,-1.5813840772316001,-2.248364900855459,-1.5730118130824886,-0.9462726566906778
276,1.0621242484969944,-1.5805895395175853,-2.2609056660966984,-1.5754615956736389,-0.9451505773733033
277,1.1022044088176344,-1.575853035728758,-2.2459686662785687,-1.5676589183464378,-0.9474936066977241
278,1.1422845691382761,-1.571245394066812,-2.2204634506501257,-1.5640209173399873,-0.9515270846442686
279,1.182364729458918,-1.5716075141646357,-2.2373750402174433,-1.5653084455710284,-0.9465987684611027
280,1.222444889779558,-1.5613941338076158,-2.2534327139416876,-1.551100482947679,-0.929112455641028
281,1.2625250501001997,-1.55736370729975,-2.218798156267801,-1.5515672000801786,-0.926926623444342
282,1.3026052104208414,-1.5595688848225884,-2.2117152348297253,-1.5546490545230793,-0.9427293531340462
283,1.3426853707414832,-1.5569359383956454,-2.207014060368614,-1.55031926535523,-0.9367968259353467
284,1.3827655310621232,-1.5512676709914952,-2.2156023944454537,-1.5418824643010463,-0.9328148303595272
285,1.422845691382765,-1.548661242775217,-2.201633645887576,-1.5419954816123995,-0.939094412938301
286,1.4629258517034067,-1.54417853044303,-2.1943091275153366,-1.5362840708325898,-0.9333131908624895
287,1.5030060120240485,-1.541453342881327,-2.194923106384782,-1.5372049958853657,-0.9237979777287204
288,1.5430861723446885,-1.5398831612066124,-2.197640418370324,-1.5287531574051347,-0.9384228010130686
289,1.5831663326653302,-1.5378706984144628,-2.1740952626921617,-1.5343950686993153,-0.9188038841619388
290,1.623246492985972,-1.5353221352259765,-2.173440368494748,-1.5307443289196154,-0.9420335587094798
291,1.663326653306612,-1.5308452231913858,-2.1557176000629203,-1.525750815101952,-0.9284684667444272
292,1.7034068136272538,-1.528369848351258,-2.1475666383957632,-1.5270359571663374,-0.930388890105259
293,1.7434869739478955,-1.527851995502954,-2.1399462967125347,-1.5231267037250482,-0.9372145502755841
294,1.7835671342685373,-1.5255145613774908,-2.14295131620277,-1.5238291879794517,-0.9214174686492347
295,1.8236472945891773,-1.5228920980028222,-2.135509891673418,-1.5166111478943225,-0.9395854289468194
296,1.863727454909819,-1.516873072842827,-2.136774010269548,-1.5132130735681395,-0.9253448047564489
297,1.9038076152304608,-1.5137118506919274,-2.122460087264491,-1.51176764778819,-0.9002748540499356
298,1.9438877755511026,-1.5180070987101448,-2.1267496608822816,-1.514143221268899,-0.9255318213312324
299,1.9839679358717426,-1.511150095337001,-2.1242558658163597,-1.5080167051479956,-0.9134822778370958
300,2.0240480961923843,-1.5110480602972125,-2.1223852825042546,-1.5038017973386713,-0.9316502587016277
301,2.064128256513026,-1.5089897190887174,-2.122291691688876,-1.507406186664702,-0.9186328495783929
302,2.104208416833666,-1.5082482495610197,-2.113385669007598,-1.50503911569632,-0.9275540782975951
303,2.144288577154308,-1.5038827501494387,-2.1012897953891905,-1.5014395429919678,-0.9133477574166701
304,2.1843687374749496,-1.4997449635591302,-2.0901813489157375,-1.497029456931256,-0.922464176598444
305,2.2244488977955914,-1.4980832358530825,-2.086451336141183,-1.4964672996140842,-0.9027449597786376
306,2.2645290581162314,-1.4963006010578588,-2.0944845127409617,-1.4969606969437446,-0.9107742709961001
307,2.304609218436873,-1.494948019596502,-2.088411772866921,-1.4935203159084165,-0.9068002136914383
308,2.344689378757515,-1.4917938719570525,-2.0716671982775505,-1.4899624602400043,-0.9167770286615834
309,2.3847695390781567,-1.4934395347810787,-2.090064682402705,-1.494233505045326,-0.9032784344417596
310,2.4248496993987967,-1.4877822603358515,-2.0649469876043236,-1.4862650026016833,-0.9081559163750199
311,2.4649298597194385,-1.4895525918933654,-2.0715308532123786,-1.4867564433464868,-0.9195027533215152
312,2.50501002004008,-1.489210573648911,-2.06831488494104,-1.4908195493808372,-0.9131222228564605
313,2.54509018036072,-1.4842072355455413,-2.057893033268157,-1.4800540782872524,-0.9260798894826602
314,2.585170340681362,-1.4883677109296702,-2.073191492356662,-1.485865097984413,-0.9148457027546399
315,2.6252505010020037,-1.4818049337645363,-2.0539388060195574,-1.4802793483968597,-0.9145378876352686
316,2.6653306613226455,-1.4808895119215568,-2.053285962800783,-1.4798820833383584,-0.9146289416473511
317,2.7054108216432855,-1.4807753838090707,-2.0595925624227718,-1.4812933021526122,-0.9184513113851439
318,2.7454909819639273,-1.4811408465314768,-2.051358376720652,-1.4799310596728898,-0.9105075644116315
319,2.785571142284569,-1.4747388149449552,-2.0522396225389903,-1.47526342893762,-0.9129272082801323
320,2.825651302605209,-1.4762639689350963,-2.0463596170992306,-1.4783082771424554,-0.9067915183734986
321,2.865731462925851,-1.4722602890331695,-2.0448873312439875,-1.4743470757806696,-0.9143796714440282
322,2.9058116232464926,-1.4717312330159087,-2.044585880058092,-1.469750254413065,-0.896588090926804
323,2.9458917835671343,-1.4716330286432233,-2.0370890564503936,-1.472149439730309,-0.9161318034978163
324,2.9859719438877743,-1.4696333375675386,-2.026374025046508,-1.4694459299835723,-0.9110724507332283
325,3.026052104208416,-1.4684154227265478,-2.0260222362905225,-1.468009211389143,-0.9118387941984752
326,3.066132264529058,-1.4672631480017968,-2.0386008521865064,-1.462369178235706,-0.923858082260352
327,3.1062124248496996,-1.4668769840672415,-2.0336125350772893,-1.4679683956870946,-0.9154889110539668
328,3.1462925851703396,-1.4671931512944014,-2.015744104573652,-1.4693638459527238,-0.9030019237081801
329,3.1863727454909814,-1.4675383772486974,-2.02961363218727,-1.465770625839546,-0.9250529567837077
330,3.226452905811623,-1.4605194175872505,-2.0190868457336526,-1.4594120427335993,-0.9081604443988098
331,3.266533066132263,-1.4634995550114334,-2.0186953462071653,-1.4628333951065482,-0.912131105805522
332,3.306613226452905,-1.4636129787680154,-2.019581499687019,-1.462937965928038,-0.9134851350095352
333,3.3466933867735467,-1.462876525640086,-2.0231001637437673,-1.4577821431610083,-0.9044116801429063
334,3.3867735470941884,-1.4586917023905601,-2.014020105477485,-1.4538828172275307,-0.8945614834668594
335,3.4268537074148284,-1.4605703785436532,-2.0152311464115247,-1.4627562294092287,-0.9074607987020519
336,3.46693386773547,-1.4590636255059268,-2.0111380784092097,-1.4593726937403195,-0.9139204610551286
337,3.507014028056112,-1.4576077401853242,-1.99844091475821,-1.4589404024571455,-0.8989771280582947
338,3.5470941883767537,-1.4568313230003613,-2.0146944591555047,-1.4562467388521758,-0.8969025939596967
339,3.5871743486973937,-1.4540364029308712,-2.0083903092565065,-1.451085005272013,-0.9155899115033977
340,3.6272545090180355,-1.4536778494084768,-2.0050934782195426,-1.4534959750972547,-0.907277968179412
341,3.6673346693386772,-1.4557592849153784,-2.0022158219923796,-1.4556558097149281,-0.9094144538261545
342,3.7074148296593172,-1.454873704019462,-2.011007879637295,-1.4563762282767128,-0.9076245479163736
343,3.747494989979959,-1.4513050720023228,-1.9983353985517291,-1.4538739852299707,-0.909561879976679
344,3.7875751503006008,-1.4488023078332102,-2.007953658379831,-1.4475061208156115,-0.8925286086798577
345,3.8276553106212425,-1.4490428701242672,-2.009620802120043,-1.447546740053133,-0.8913894030839766
346,3.8677354709418825,-1.4480434903788242,-2.0005267843130263,-1.448096478363171,-0.8917412595395419
347,3.9078156312625243,-1.449418071149963,-2.0122056458912287,-1.4500633722659746,-0.9068428837500587
348,3.947895791583166,-1.4461784880953203,-1.9979451648388216,-1.4446860120676757,-0.8937813757396315
349,3.987975951903808,-1.4474123626949849,-2.0033253367545383,-1.445140695262333,-0.8902247437681451
350,4.028056112224448,-1.4454756677749814,-2.0015558562682503,-1.4462846920872146,-0.8856363317849425
351,4.06813627254509,-1.4467640416878205,-1.9978568336002476,-1.4480379859803305,-0.9036562231982067
352,4.108216432865731,-1.4483516150181517,-2.0035933013869447,-1.449244068504534,-0.8999452250848612
353,4.148296593186371,-1.4434721456657098,-1.9850550375616183,-1.443682624165175,-0.9027216604495344
354,4.188376753507013,-1.4485796321177062,-2.0035014687658808,-1.4476738772301765,-0.8976321699545002
355,4.228456913827655,-1.4455031389121127,-2.002437464195305,-1.4455107419786493,-0.8886740676104709
356,4.268537074148297,-1.4402146317987798,-1.9974218002707211,-1.438131568747675,-0.9012726555391951
357,4.308617234468937,-1.4448794455045968,-2.0098243276221575,-1.4403784952643561,-0.9069678945698312
358,4.348697394789578,-1.4448183398121641,-1.9941259771163793,-1.4427909955419587,-0.8997064198500803
359,4.38877755511022,-1.4426088509234771,-1.9968502751424977,-1.4408759810954441,-0.8928090214979514
360,4.428857715430862,-1.4411930041397694,-2.0063106190131776,-1.439857671863718,-0.89079420257396
361,4.468937875751502,-1.4423839886257321,-1.9962523158478063,-1.443092860640186,-0.90066982148498
362,4.509018036072144,-1.4406590211480366,-2.0017923160001425,-1.4371250328593734,-0.8931135739994749
363,4.5490981963927855,-1.4381137484586244,-2.000568938134412,-1.4338734016510783,-0.8887288572344749
364,4.589178356713425,-1.4399698775261902,-1.9955861318101549,-1.4389345937773599,-0.8960951215429712
365,4.629258517034067,-1.4398126980428971,-2.0031593610383003,-1.4409673438720167,-0.8890968816962993
366,4.669338677354709,-1.4381159455662036,-1.9998869823285166,-1.4353571634659839,-0.8864068810540041
367,4.709418837675351,-1.437323675779662,-1.9911490847310458,-1.4358070500824667,-0.8840650599519285
368,4.749498997995991,-1.4362116667839862,-1.9933704318093302,-1.4339951935692516,-0.8859792771799139
369,4.7895791583166325,-1.435427916944481,-1.993223768390151,-1.4339326068145994,-0.8863097380876963
370,4.829659318637274,-1.435957354985415,-1.9985723859733122,-1.434559642701267,-0.8910382636656506
371,4.869739478957916,-1.4347133903050762,-2.0064214554930446,-1.4314949982607739,-0.886133434317745
372,4.909819639278556,-1.4358150113459625,-1.9919148355973793,-1.4356585200840732,-0.8834226804268343
373,4.949899799599198,-1.4337683059370443,-1.9936343423844651,-1.4317694222646156,-0.8895911103462674
374,4.98997995991984,-1.4393377508779255,-1.9889335159540948,-1.436855080917865,-0.9005368182179848
375,5.0300601202404795,-1.4341849999824448,-1.9881017654629336,-1.4369197697979676,-0.8835960851387546
376,5.070140280561121,-1.4351663288505232,-2.007922855209556,-1.434501648810027,-0.8771872916367052
377,5.110220440881763,-1.4329813239560496,-1.986373230903526,-1.4314106223021374,-0.8653754061203296
378,5.150300601202405,-1.4343511878605197,-1.996972918417987,-1.4364262488241866,-0.8675939682423347
379,5.190380761523045,-1.4345923343560292,-1.9926809841477666,-1.4313724126961045,-0.8845792935779392
380,5.230460921843687,-1.4295530479818979,-1.9822923619581685,-1.4289927571149295,-0.8737300873301592
381,5.270541082164328,-1.4279098653161908,-1.9957647846451787,-1.425450167681475,-0.8807447114485304
382,5.31062124248497,-1.4361093589927971,-1.9989101150639943,-1.4349252204662708,-0.887457320098502
383,5.35070140280561,-1.4302742469938494,-1.9871557290242914,-1.4296437601237066,-0.8797560639398088
384,5.390781563126252,-1.4322049180550889,-1.9935241260250183,-1.4330544230046656,-0.8733205269247764
385,5.430861723446894,-1.4308399585026848,-1.9940172669645257,-1.4307781471239287,-0.8643325308291869
386,5.470941883767534,-1.4292887838866186,-1.9963072491848706,-1.4279838246007028,-0.8722943498619408
387,5.511022044088175,-1.4304993707919333,-1.9956626283494603,-1.4250781298802448,-0.8814790781957924
388,5.551102204408817,-1.432650474049302,-1.9859150312133433,-1.4331854817487018,-0.8741724611107295
389,5.591182364729459,-1.4302549393680826,-2.001434218031913,-1.4291610119741054,-0.879043701844745
390,5.631262525050099,-1.4306328932487988,-1.9958161706390312,-1.4322749562714887,-0.8655934815063449
391,5.671342685370741,-1.4322561433188867,-1.9926150775380884,-1.4311260010770415,-0.8708164923475191
392,5.7114228456913825,-1.4290051347685786,-1.9930417438283776,-1.4274782067840195,-0.8667688829018755
393,5.751503006012024,-1.4274761779802796,-1.9900580586875163,-1.4277710473167504,-0.8751972301028068
394,5.791583166332664,-1.4248220473222446,-1.9939492793339237,-1.4271046532476261,-0.8586322150279032
395,5.831663326653306,-1.427563906745617,-1.9985656866784451,-1.4244596885221075,-0.8731814711505227
396,5.871743486973948,-1.427837415123934,-2.002179136244657,-1.4229670919334483,-0.8563912191807046
397,5.911823647294588,-1.428065819005159,-1.9871563081086696,-1.425757577475773,-0.8606626289059639
398,5.9519038076152295,-1.42793282200959,-1.9894190296451064,-1.428151509252194,-0.8583817153051204
399,5.991983967935871,-1.4279937130482552,-2.0027032346550184,-1.4266448717755502,-0.8602601694100597
400,6.032064128256511,-1.424492831543054,-2.0030422885284653,-1.420086056092534,-0.85851681178511
401,6.072144288577153,-1.427692091905706,-2.0025883009019867,-1.4240852509434776,-0.8659093907891012
402,6.112224448897795,-1.4258919685133522,-2.0002804412191497,-1.4254889114883533,-0.8617643087899846
403,6.152304609218437,-1.4231130679509003,-1.9961720610894356,-1.4203724199429388,-0.8516118184712831
404,6.192384769539078,-1.425762827779106,-2.007464485337629,-1.425955105838733,-0.8512628995977084
405,6.23246492985972,-1.425829763290339,-2.0002656214252994,-1.4246605168366289,-0.8624079625542543
406,6.272545090180358,-1.424042379784849,-2.0047663850582027,-1.424844057460785,-0.847671127348284
407,6.312625250501,-1.4247378702866,-1.9938530176503835,-1.4192439653625564,-0.8694612355858639
408,6.352705410821642,-1.425644147223775,-1.994097601718409,-1.424174056788,-0.843987460615323
409,6.392785571142284,-1.4234760907577804,-1.9996238070452417,-1.4236608554526953,-0.842316757184613
410,6.432865731462925,-1.425777319207853,-2.0047143603613646,-1.4238951622882752,-0.8491510494132349
411,6.472945891783567,-1.4244320110858446,-1.9990672893540729,-1.4249194050445526,-0.8369305298561114
412,6.513026052104209,-1.4208496224148475,-1.9954267851294538,-1.42375637687199,-0.8602073694192449
413,6.553106212424851,-1.4259298948079768,-2.00993810610979,-1.4265798620808678,-0.8442017608887066
414,6.593186372745489,-1.422957712940169,-1.9895478492773255,-1.4230521331018908,-0.8566635891927538
415,6.633266533066131,-1.4212727389879247,-2.0004940451119846,-1.41922798330813,-0.8557541165615264
416,6.673346693386772,-1.4246239650350132,-2.012386940131775,-1.4210067163187863,-0.8465509010044362
417,6.713426853707414,-1.419519976450137,-2.0056209340736557,-1.4199391845714433,-0.8365391089651468
418,6.753507014028056,-1.4203316863057667,-1.9907829353194844,-1.4239298213813956,-0.8380172640632033
419,6.793587174348698,-1.4204013819752006,-2.002956139674117,-1.4221758715916497,-0.8434167138744569
420,6.8336673346693395,-1.4243062363015289,-1.9994328411572488,-1.4247557213853068,-0.8496355029021165
421,6.873747494989978,-1.4211072798578666,-1.9982448110186126,-1.4175104638177514,-0.8508975044886838
422,6.9138276553106195,-1.419173911987151,-2.0092600830166045,-1.4202883579850198,-0.8463757815423492
423,6.953907815631261,-1.4193921549392012,-2.010085911120098,-1.4188457012939444,-0.8242336669712694
424,6.993987975951903,-1.4243501939870677,-2.0123484100700337,-1.4203365020170566,-0.8373613582994961
425,7.034068136272545,-1.4189825669804461,-1.9956346344884666,-1.4189695163344411,-0.8346223716665719
426,7.074148296593187,-1.4219296425158672,-2.0017141474757296,-1.4222360130575964,-0.8372760081608671
427,7.114228456913828,-1.4203434931690626,-1.999640584257554,-1.418267845121781,-0.8357008552518669
428,7.1543086172344665,-1.4201092925636183,-2.004915164748369,-1.421818908398752,-0.8334530779974583
429,7.194388777555108,-1.4217067691233916,-1.997756343304868,-1.4234710481484187,-0.8237668630311288
430,7.23446893787575,-1.4225579342824064,-2.0150816489931813,-1.422368579548818,-0.8194300818961127
431,7.274549098196392,-1.4198710184751622,-2.0105777032444143,-1.4188737347403122,-0.8345107088483177
432,7.314629258517034,-1.420149727221476,-2.004030786255886,-1.419122492633374,-0.8263830219850511
433,7.354709418837675,-1.4182780415273861,-2.006237291024894,-1.4185315115219006,-0.8340635620585903
434,7.394789579158317,-1.423857252382454,-2.004554252647906,-1.4259645028451455,-0.8209168423963535
435,7.434869739478959,-1.4185296217828471,-2.0018377506341354,-1.4192283260401328,-0.8251717474676308
436,7.474949899799597,-1.4193019476358286,-1.9957468558847302,-1.4192684054324076,-0.8263587620175176
437,7.515030060120239,-1.4181013886272715,-1.995833838736876,-1.4218311334005531,-0.8212349959832794
438,7.555110220440881,-1.4219730452043702,-2.011747397013206,-1.4226788174902456,-0.8131966251277594
439,7.595190380761522,-1.4192161367511325,-2.0151609575919376,-1.4205299099034434,-0.8266670197316811
440,7.635270541082164,-1.4160070875707922,-1.9971145660070355,-1.4190067399479762,-0.8175829821600458
441,7.675350701402806,-1.4209773463031776,-2.011587954921501,-1.4212809162293842,-0.8231590478859357
442,7.715430861723448,-1.4224689420493315,-2.0230583549888097,-1.421607741390774,-0.8210854632568411
443,7.755511022044086,-1.4195600004319406,-2.0050477794022084,-1.4197523063278827,-0.8216667357954676
444,7.795591182364728,-1.4214940570514225,-2.0110657692062417,-1.4185363111841713,-0.8185088909593431
445,7.8356713426853695,-1.4195575191161363,-2.0256480601097078,-1.4218252259450677,-0.8087119485201933
446,7.875751503006011,-1.4166175107988332,-2.0090472824198367,-1.4160155457857553,-0.812509720487843
447,7.915831663326653,-1.4195029750042387,-2.0149047722822533,-1.4213850311013974,-0.8146081562863116
448,7.955911823647295,-1.4234284685534193,-2.0124973964524804,-1.425174931645593,-0.8138552695458443
449,7.9959919839679365,-1.4190845145292776,-2.0075196817044803,-1.4180302035293482,-0.8126273279606098
450,8.036072144288575,-1.420243666564431,-2.0168996298786865,-1.421087830285642,-0.8140929486896757
451,8.076152304609217,-1.420803811690574,-2.0200092669516647,-1.4240448518029765,-0.8024078056974546
452,8.116232464929858,-1.4212733840014988,-2.0140613886129186,-1.4212505955551078,-0.825060236187684
453,8.1563126252505,-1.4153806142824292,-2.0227762179524635,-1.4214898479760891,-0.7919774896952751
454,8.196392785571142,-1.4192471052784477,-2.011099640729472,-1.418432835788828,-0.8136345566358024
455,8.236472945891784,-1.417304707898483,-2.008871094154891,-1.4166457690614114,-0.8237398175538303
456,8.276553106212425,-1.4154338416290906,-2.0227044313317593,-1.4181245784374883,-0.7949727959673439
457,8.316633266533067,-1.4242326655378714,-2.0241323485292138,-1.4298792764735997,-0.8109463684971248
458,8.356713426853705,-1.4175020753590826,-2.0079893718337805,-1.4203673607189273,-0.800303646329024
459,8.396793587174347,-1.4191015543461867,-2.0172429332748503,-1.422560908957708,-0.8139349370534918
460,8.436873747494989,-1.4190008546684145,-2.012110647486341,-1.4233781093871425,-0.8010581183174075
461,8.47695390781563,-1.4133049117674377,-2.020203173336437,-1.4191174143475402,-0.7914290194853827
462,8.517034068136272,-1.4181139649134002,-2.02097613931503,-1.4191360951774354,-0.8018094111678151
463,8.557114228456914,-1.4174089235792056,-2.0207846613115836,-1.4176498185797946,-0.8102781762414207
464,8.597194388777556,-1.414897175050464,-2.020415568769896,-1.4169481188653885,-0.798919788612058
465,8.637274549098194,-1.4148665078355491,-2.022585347387759,-1.4202249121829826,-0.7886316377674283
466,8.677354709418836,-1.4181993788227367,-2.024537983647583,-1.4168022451055422,-0.7957328940221203
467,8.717434869739478,-1.4151666998962846,-2.019667825243743,-1.4182264001296239,-0.7970893467099738
468,8.75751503006012,-1.4176998476961526,-2.0218182952746413,-1.4223010962569957,-0.7913997211548912
469,8.797595190380761,-1.4171110933998619,-2.0054892545732232,-1.4209260403145,-0.7967929515282379
470,8.837675350701403,-1.412625518563035,-2.013058806697039,-1.4140350237819654,-0.778093108764519
471,8.877755511022045,-1.4151897460533622,-2.02575605827352,-1.4142852789824945,-0.7952810485031504
472,8.917835671342683,-1.4166457178241003,-2.0183393052886744,-1.4167891337845846,-0.7939123802289121
473,8.957915831663325,-1.4204310197466632,-2.0164900262279315,-1.4243690518407979,-0.8078876767242017
474,8.997995991983966,-1.4130286097180507,-2.028081907325021,-1.4152294218333537,-0.7886706790068562
475,9.038076152304608,-1.417016931095121,-2.02620296990948,-1.4168695645757066,-0.8002406768739975
476,9.07815631262525,-1.4129339557938,-2.0182802269239906,-1.4150664365279102,-0.7901558968168165
477,9.118236472945892,-1.4157545538259895,-2.0276846309480683,-1.4197620997263642,-0.7812240440307789
478,9.158316633266534,-1.4153267142020622,-2.0212568528476598,-1.4200498269959783,-0.7867014186723137
479,9.198396793587175,-1.4180669631905727,-2.0292381786857185,-1.4225543677966233,-0.7881012806889316
480,9.238476953907814,-1.419487529290577,-2.0277476619905044,-1.420020238324307,-0.7966012641346029
481,9.278557114228455,-1.417889732001995,-2.0394145604576166,-1.4201876483665519,-0.7908657897513169
482,9.318637274549097,-1.4144543849190008,-2.026352449652356,-1.4170804943271529,-0.7962998952492593
483,9.358717434869739,-1.4145347023581323,-2.0255464348027905,-1.4169293575069906,-0.7843784531860348
484,9.39879759519038,-1.4180348882792022,-2.028238930324111,-1.4185180043417316,-0.7789210181841512
485,9.438877755511022,-1.4199230019390212,-2.023205150254637,-1.422676942181559,-0.7958570105638205
486,9.478957915831664,-1.4177905052503015,-2.0268628558938344,-1.4185981427992025,-0.7809620413246682
487,9.519038076152302,-1.4145540294039884,-2.0208096559318887,-1.4185301772151315,-0.7805340540369924
488,9.559118236472944,-1.414206548357948,-2.0316793059645932,-1.413856178118103,-0.7859732531674376
489,9.599198396793586,-1.4135288516233613,-2.0217817851326827,-1.417152236734517,-0.7855641806039703
490,9.639278557114228,-1.4149785485827606,-2.038325767974558,-1.4166006661086876,-0.7738047100516698
491,9.67935871743487,-1.4159463285899185,-2.0257301555438363,-1.4194574697692453,-0.7665821179160011
492,9.719438877755511,-1.419053336724408,-2.032532312159489,-1.42425161007249,-0.7776906128860399
493,9.759519038076153,-1.4166609114334983,-2.041612954761672,-1.420434464683293,-0.7832321046091356
494,9.799599198396791,-1.4167033920027647,-2.0201289356337586,-1.4202195911991944,-0.7675689232465072
495,9.839679358717433,-1.4182297038677203,-2.015632602297048,-1.4228826395189744,-0.7869181520664315
496,9.879759519038075,-1.4177827449514928,-2.039226789462138,-1.419326426779382,-0.776181582868805
497,9.919839679358716,-1.4172614623441653,-2.0341059996264583,-1.4194572841841224,-0.7836663742720408
498,9.959919839679358,-1.4164065100414345,-2.037211546171664,-1.4221873154264384,-0.765137321440237
499,10.0,-1.4144694441021852,-2.041720254669941,-1.4160613095788883,-0.7833073724804422
